{
  "beers": [
    {
      "id": 1,
      "name": "Buzz",
      "tagline": "A Real Bitter Experience.",
      "first_brewed": "09/2007",
      "description": "A light, crisp and bitter IPA brewed with English and American hops. A small batch brewed only once.",
      "image_url": "https://images.punkapi.com/v2/keg.png",
      "food_pairing": [
        "Spicy chicken tikka masala",
        "Grilled chicken quesadilla",
        "Caramel toffee cake"
      ],
      "brewers_tips": "The earthy and floral aromas from the hops can be overpowering. Drop a little Cascade in at the end of the boil to lift the profile with a bit of citrus.",
      "contributed_by": "Sam Mason <samjbmason>"
    },
    {
      "id": 3,
      "name": "Berliner Weisse With Yuzu - B-Sides",
      "tagline": "Japanese Citrus Berliner Weisse.",
      "first_brewed": "11/2015",
      "description": "Japanese citrus fruit intensifies the sour nature of this German classic.",
      "image_url": "https://images.punkapi.com/v2/keg.png",
      "food_pairing": [
        "Smoked chicken wings",
        "Miso ramen",
        "Yuzu cheesecake"
      ],
      "brewers_tips": "Clean everything twice. All you want is the clean sourness of lactobacillus.",
      "contributed_by": "Sam Mason <samjbmason>"
    },
    {
      "id": 4,
      "name": "Pilsen Lager",
      "tagline": "Unleash the Yeast Series.",
      "first_brewed": "09/2013",
      "description": "Our Unleash the Yeast series was an epic experiment into the differences in aroma and flavour provided by switching up your yeast. We brewed up a wort with a light caramel note and some toasty biscuit flavour, and hopped it with Amarillo and Centennial for a citrusy bitterness. Everything else is down to the yeast. Pilsner yeast ferments with no fruity esters or spicy phenols, although it can add a hint of butterscotch.",
      "image_url": "https://images.punkapi.com/v2/4.png",
      "food_pairing": [
        "Spicy crab cakes",
        "Spicy cucumber and carrot Thai salad",
        "Sweet filled dumplings"
      ],
      "brewers_tips": "Play around with the fermentation temperature to get the best flavour profile from the individual yeasts.",
      "contributed_by": "Ali Skinner <AliSkinner>"
    },
    {
      "id": 5,
      "name": "Avery Brown Dredge",
      "tagline": "Bloggers' Imperial Pilsner.",
      "first_brewed": "02/2011",
      "description": "wow so good!",
      "image_url": "https://images.punkapi.com/v2/5.png",
      "food_pairing": [
        "Vietnamese squid salad",
        "Chargrilled corn on the cob with paprika butter",
        "Strawberry and rhubarb pie"
      ],
      "brewers_tips": "Make sure you have a big enough yeast starter to ferment through the OG and lager successfully.",
      "contributed_by": "Sam Mason <samjbmason>"
    },
    {
      "id": 6,
      "name": "Electric India",
      "tagline": "Vibrant Hoppy Saison.",
      "first_brewed": "05/2013",
      "description": "wow so good!",
      "image_url": "https://images.punkapi.com/v2/6.png",
      "food_pairing": [
        "Mussels with a garlic and herb sauce",
        "Crab melt sandwich",
        "Shortbread cookies"
      ],
      "brewers_tips": "Source some really good heather honey to get the right spicy esters in the beer.",
      "contributed_by": "Sam Mason <samjbmason>"
    },
    {
      "id": 7,
      "name": "AB:12",
      "tagline": "Imperial Black Belgian Ale.",
      "first_brewed": "07/2012",
      "description": "An Imperial Black Belgian Ale aged in old Invergordon Scotch whisky barrels with mountains of raspberries, tayberries and blackberries in each cask. Decadent but light and dry, this beer would make a fantastic base for ageing on pretty much any dark fruit - we used raspberries, tayberries and blackberries beause they were local.",
      "image_url": "https://images.punkapi.com/v2/7.png",
      "food_pairing": [
        "Tandoori lamb with pomegranate",
        "Beef Wellington with a red wine jus",
        "Raspberry chocolate torte"
      ],
      "brewers_tips": "Don't worry too much about controlling the temperature with the Belgian yeast strain - just make sure it doesn't rise above 30°C!",
      "contributed_by": "Sam Mason <samjbmason>"
    },
    {
      "id": 8,
      "name": "AB:07",
      "tagline": "Whisky Cask-Aged Scotch Ale.",
      "first_brewed": "03/2010",
      "description": "Whisky cask-aged imperial scotch ale. Beer perfect for when the rain is coming sideways. Liquorice, plum and raisin temper the warming alcohol, producing a beer capable of holding back the Scottish chill.",
      "image_url": "https://images.punkapi.com/v2/9.png",
      "food_pairing": [
        "Kedgeree",
        "Scotch broth with sourdough bread",
        "Clootie dumpling"
      ],
      "brewers_tips": "Authentic heather honey adds a beautiful floral top note that is unachievable any other way.",
      "contributed_by": "Sam Mason <samjbmason>"
    },
    {
      "id": 9,
      "name": "Bramling X",
      "tagline": "Single Hop IPA Series - 2011.",
      "first_brewed": "01/2011",
      "description": "Good old Bramling Cross is elegant, refined, assured, (boring) and understated. Understated that is unless you hop the living daylights out of a beer with it. This is Bramling Cross re-invented and re-imagined, and shows just what can be done with English hops if you use enough of them. Poor Bramling Cross normally gets lost in a woeful stream of conformist brown ales made by sleepy cask ale brewers. But not anymore. This beer shows that British hops do have some soul, and is a fruity riot of blackberries, pears, and plums. Reminds me of the bramble, apple and ginger jam my grandmother used to make.",
      "image_url": "https://images.punkapi.com/v2/10.png",
      "food_pairing": [
        "Warm blackberry pie",
        "Vinegar doused fish and chips",
        "Aromatic korma curry with lemon and garlic naan"
      ],
      "brewers_tips": "Getting good Bramling Cross is key. Most English hops are in leaf form (not pelletised), so getting fresh hops close to harvest (September) will give this beer the right amount of dark berry intensity.",
      "contributed_by": "Sam Mason <samjbmason>"
    },
    {
      "id": 10,
      "name": "Misspent Youth",
      "tagline": "Milk & Honey Scotch Ale.",
      "first_brewed": "04/2013",
      "description": "The brainchild of our small batch brewer, George Woods. A dangerously drinkable milk sugar- infused Scotch Ale.",
      "image_url": "https://images.punkapi.com/v2/keg.png",
      "food_pairing": [
        "Roasted garlic and chilli infused camembert cheese",
        "Korean style chicken wings",
        "Chocolate milk shake"
      ],
      "brewers_tips": "Lots of malt in this one. Mash-in in stages, and spread the pale ale malt throughout the mash to provide stability. If the mash starts to sink, stop, wait a few minutes while mixing, then start again.",
      "contributed_by": "Sam Mason <samjbmason>"
    },
    {
      "id": 11,
      "name": "Arcade Nation",
      "tagline": "Seasonal Black IPA.",
      "first_brewed": "12/2015",
      "description": "Running the knife-edge between an India Pale Ale and a Stout, this particular style is one we truly love. Black IPAs are a great showcase for the skill of our brew team, balancing so many complex and twisting flavours in the same moment. The citrus, mango and pine from the hops – three of our all-time favourites – play off against the roasty dryness from the malt bill at each and every turn.",
      "image_url": "https://images.punkapi.com/v2/12.png",
      "food_pairing": [
        "King prawn kebabs",
        "Halibut with a mango and tomato salad",
        "Mint chocloate ice cream"
      ],
      "brewers_tips": "Be as accurate as possible when weighing out your malts to ensure you strike the right balance.",
      "contributed_by": "Sam Mason <samjbmason>"
    },
    {
      "id": 12,
      "name": "Movember",
      "tagline": "Moustache-Worthy Beer.",
      "first_brewed": "11/2009",
      "description": "A deliciously robust, black malted beer with a decadent dark, dry cocoa flavour that provides an enticing backdrop to the Cascade hops.",
      "image_url": "https://images.punkapi.com/v2/13.png",
      "food_pairing": [
        "Vegetable egg scramble",
        "Margherita pizza",
        "Fresh berry crisp tart"
      ],
      "brewers_tips": "If you can’t find really fresh cascade, substitute it for Amarillo or Ahtanum.",
      "contributed_by": "Sam Mason <samjbmason>"
    },
    {
      "id": 13,
      "name": "Alpha Dog",
      "tagline": "Existential Red Ale.",
      "first_brewed": "02/2010",
      "description": "A fusion of caramel malt flavours and punchy New Zealand hops. A session beer you can get your teeth into.",
      "image_url": "https://images.punkapi.com/v2/14.png",
      "food_pairing": [
        "Pastrami",
        "Swiss and horseradish sandwich",
        "Sharp cheddar cheese and onion/ raisin chutney",
        "Peanut brittle"
      ],
      "brewers_tips": "Crush the malt as close to brewing time as possible. The fresher the malt, the more intense caramel flavours will be released in the wort.",
      "contributed_by": "Sam Mason <samjbmason>"
    },
    {
      "id": 14,
      "name": "Mixtape 8",
      "tagline": "An Epic Fusion Of Old Belgian, American New Wave, And Scotch Whisky.",
      "first_brewed": "01/2012",
      "description": "This recipe is for the Belgian Tripel base. A blend of two huge oak aged beers – half a hopped up Belgian Tripel, and half a Triple India Pale Ale. Both aged in single grain whisky barrels for two years and blended, each beer brings its own character to the mix. The Belgian Tripel comes loaded with complex spicy, fruity esters, and punchy citrus hop character.",
      "image_url": "https://images.punkapi.com/v2/15.png",
      "food_pairing": [
        "Coriander & chilli crab cakes",
        "Goats cheese salad with walnuts, radish and blood orange",
        "Pistachio cake"
      ],
      "brewers_tips": "Brew twice as much Belgian Tripel as you were planning on ageing - it's awesome on its own too!",
      "contributed_by": "Sam Mason <samjbmason>"
    },
    {
      "id": 15,
      "name": "Libertine Porter",
      "tagline": "Dry-Hopped Aggressive Porter.",
      "first_brewed": "01/2012",
      "description": "An avalanche of cross-continental hop varieties give this porter a complex spicy, resinous and citrusy aroma, with a huge malt bill providing a complex roasty counterpoint. Digging deeper into the flavour draws out cinder toffee, bitter chocolate and hints of woodsmoke.",
      "image_url": "https://images.punkapi.com/v2/16.png",
      "food_pairing": [
        "Blue cheese beef burger",
        "Glazed short ribs",
        "Chocolate cake"
      ],
      "brewers_tips": "Mash in at a higher temperature to leave more unfermentable sugars in the wort. This gives the beer a sweeter porter profile.",
      "contributed_by": "Sam Mason <samjbmason>"
    },
    {
      "id": 16,
      "name": "AB:06",
      "tagline": "Imperial Black IPA.",
      "first_brewed": "04/2011",
      "description": "Our sixth Abstrakt, this imperial black IPA combined dark malts with a monumental triple dry-hop, using an all-star team of some of our favourite American hops. Roasty and resinous.",
      "image_url": "https://images.punkapi.com/v2/17.png",
      "food_pairing": [
        "Coffee dusted venison loin",
        "Memphis-style beef short ribs",
        "Chocolate orange brownies"
      ],
      "brewers_tips": "Boil down to desired OG (about 17 litres).",
      "contributed_by": "Sam Mason <samjbmason>"
    },
    {
      "id": 17,
      "name": "Russian Doll – India Pale Ale",
      "tagline": "Nesting Hop Bomb.",
      "first_brewed": "08/2014",
      "description": "The levels of hops vary throughout the range. We love hops, so all four beers are big, bitter badasses, but by tweaking the amount of each hop used later in the boil and during dry- hopping, we can balance the malty backbone with some unexpected flavours. Simcoe is used in the whirlpool for all four beers, and yet still lends different characters to each",
      "image_url": "https://images.punkapi.com/v2/18.png",
      "food_pairing": [
        "Spicy chicken skewers",
        "Fish tacos with hot sauce",
        "Lemon pound cake with a ice sugar glaze"
      ],
      "brewers_tips": "Create balance through experimentation with the hop amounts and malt backbone.",
      "contributed_by": "Sam Mason <samjbmason>"
    },
    {
      "id": 18,
      "name": "Hello My Name Is Mette-Marit",
      "tagline": "Lingonberry Double IPA.",
      "first_brewed": "06/2013",
      "description": "We sent this beer to Norway where it was known as 'Hello, my name is Censored’. You can make up your own mind as to why. This brew was a red berry explosion, with a reisnous bitter edge layered with dry berry tartness.",
      "image_url": "https://images.punkapi.com/v2/19.png",
      "food_pairing": [
        "Fårikål (mutton stew) with a spicy twist",
        "Fenalår (salted cured lamb)",
        "Krumkake with lingonberry jam"
      ],
      "brewers_tips": "Using crushed cranberries will dry out the beer further, drawing out their natural astringent character.",
      "contributed_by": "Sam Mason <samjbmason>"
    },
    {
      "id": 19,
      "name": "Rabiator",
      "tagline": "Imperial Wheat Beer",
      "first_brewed": "03/2011",
      "description": "Imperial Wheat beer / Weizenbock brewed by a homesick German in leather trousers. Think banana bread, bubble gum and David Hasselhoff.",
      "image_url": "https://images.punkapi.com/v2/keg.png",
      "food_pairing": [
        "Grilled portabello mushroom burger",
        "Chicken sausages with creamy mash",
        "Caramel and banana meringue pie"
      ],
      "brewers_tips": "If you are struggling to get that authentic head retention increase your mash temperature to about 70°C.",
      "contributed_by": "Sam Mason <samjbmason>"
    },
    {
      "id": 20,
      "name": "Vice Bier",
      "tagline": "Hoppy Wheat Bier.",
      "first_brewed": "04/2013",
      "description": "Our take on the classic German Kristallweizen. A clear German wheat beer, layers of bubblegum and vanilla perfectly balanced with the American and New Zealand hops.",
      "image_url": "https://images.punkapi.com/v2/keg.png",
      "food_pairing": [
        "Citrus salad with balsamic dressing",
        "Lobster",
        "Ginger and orange cookies"
      ],
      "brewers_tips": "Ferment at higher or lower temperatures to select the esters that will create clove- like or banana-like flavours.",
      "contributed_by": "Sam Mason <samjbmason>"
    },
    {
      "id": 21,
      "name": "Devine Rebel (w/ Mikkeller)",
      "tagline": "Oak-aged Barley Wine.",
      "first_brewed": "12/2008",
      "description": "Two of Europe's most experimental, boundary-pushing brewers, BrewDog and Mikkeller, combined forces to produce a rebellious beer that combined their respective talents and brewing skills. The 12.5% Barley Wine fermented well, and the champagne yeast drew it ever closer to 12.5%. The beer was brewed with a single hop variety and was going to be partially aged in oak casks.",
      "image_url": "https://images.punkapi.com/v2/22.png",
      "food_pairing": [
        "Stilton on gingerbread biscuits",
        "Pot roasted artichokes",
        "Lamb chops with caramelised figs"
      ],
      "brewers_tips": "Rack off to a secondary fermenter before pitching in some champagne.",
      "contributed_by": "Sam Mason <samjbmason>"
    },
    {
      "id": 22,
      "name": "Storm",
      "tagline": "Islay Whisky Aged IPA.",
      "first_brewed": "12/2007",
      "description": "Dark and powerful Islay magic infuses this tropical sensation of an IPA. Using the original Punk IPA as a base, we boosted the ABV to 8% giving it some extra backbone to stand up to the peated smoke imported directly from Islay.",
      "image_url": "https://images.punkapi.com/v2/23.png",
      "food_pairing": [
        "Oysters",
        "Hickory smoked ham",
        "Rocky Road"
      ],
      "brewers_tips": "After primary fermentation is complete, rack off into a secondary fermeter and add the oak chips to replicate the authentic Islay barrel experience.",
      "contributed_by": "Sam Mason <samjbmason>"
    },
    {
      "id": 23,
      "name": "The End Of History",
      "tagline": "The World's Strongest Beer.",
      "first_brewed": "06/2011",
      "description": "The End of History: The name derives from the famous work of philosopher Francis Fukuyama, this is to beer what democracy is to history. Complexity defined. Floral, grapefruit, caramel and cloves are intensified by boozy heat.",
      "image_url": "https://images.punkapi.com/v2/24.png",
      "food_pairing": [
        "Roasted wood pigeon with black pudding",
        "Pan seared venison fillet with juniper sauce",
        "Apricot coconut cake"
      ],
      "brewers_tips": "You'll have to get this one all the way down to -70°C. Taxidermy is not optional.",
      "contributed_by": "Sam Mason <samjbmason>"
    },
    {
      "id": 24,
      "name": "Bad Pixie",
      "tagline": "Spiced Wheat Beer.",
      "first_brewed": "10/2008",
      "description": "2008 Prototype beer, a 4.7% wheat ale with crushed juniper berries and citrus peel.",
      "image_url": "https://images.punkapi.com/v2/25.png",
      "food_pairing": [
        "Poached sole fillet with capers",
        "Summer fruit salad",
        "Banana split"
      ],
      "brewers_tips": "Make sure you have plenty of room in the fermenter. Beers containing wheat can often foam aggressively during fermentation.",
      "contributed_by": "Sam Mason <samjbmason>"
    }
  ]
}